{
  "prepare_queue": {
    "installed": [],
    "uninstalled": []
  },
  "config_munge": {
    "files": {
      "config.xml": {
        "parents": {
          "/*": [
            {
              "xml": "<feature name=\"CordovaHttpPlugin\"><param name=\"browser-package\" value=\"CordovaHttpPlugin\" /></feature>",
              "count": 1
            },
            {
              "xml": "<feature name=\"Device\"><param name=\"browser-package\" value=\"Device\" /></feature>",
              "count": 1
            }
          ]
        }
      }
    }
  },
  "installed_plugins": {
    "call-number": {
      "PACKAGE_NAME": "io.apptitude.nami"
    },
    "cordova-plugin-actionsheet": {
      "PACKAGE_NAME": "io.apptitude.nami"
    },
    "cordova-plugin-file": {
      "PACKAGE_NAME": "io.apptitude.nami"
    },
    "cordova-plugin-advanced-http": {
      "PACKAGE_NAME": "io.apptitude.nami"
    },
    "cordova-plugin-androidx-adapter": {
      "PACKAGE_NAME": "io.apptitude.nami"
    },
    "cordova-plugin-contacts": {
      "PACKAGE_NAME": "io.apptitude.nami"
    },
    "cordova-plugin-device": {
      "PACKAGE_NAME": "io.apptitude.nami"
    },
    "cordova-plugin-dialogs": {
      "PACKAGE_NAME": "io.apptitude.nami"
    },
    "cordova-plugin-fcm-with-dependecy-updated": {
      "PACKAGE_NAME": "io.apptitude.nami"
    },
    "cordova-plugin-firebase-analytics": {
      "PACKAGE_NAME": "io.apptitude.nami"
    },
    "cordova-plugin-firebase-messaging": {
      "PACKAGE_NAME": "io.apptitude.nami"
    },
    "cordova-plugin-geolocation": {
      "PACKAGE_NAME": "io.apptitude.nami"
    },
    "cordova-plugin-globalization": {
      "PACKAGE_NAME": "io.apptitude.nami"
    }
  },
  "dependent_plugins": {},
  "modules": [
    {
      "file": "plugins/call-number/www/CallNumber.js",
      "id": "call-number.CallNumber",
      "pluginId": "call-number",
      "clobbers": [
        "call"
      ]
    },
    {
      "file": "plugins/cordova-plugin-actionsheet/www/ActionSheet.js",
      "id": "cordova-plugin-actionsheet.ActionSheet",
      "pluginId": "cordova-plugin-actionsheet",
      "clobbers": [
        "window.plugins.actionsheet"
      ]
    },
    {
      "file": "plugins/cordova-plugin-actionsheet/src/browser/ActionSheetProxy.js",
      "id": "cordova-plugin-actionsheet.ActionSheetProxy",
      "pluginId": "cordova-plugin-actionsheet",
      "merges": [
        ""
      ]
    },
    {
      "file": "plugins/cordova-plugin-file/www/DirectoryEntry.js",
      "id": "cordova-plugin-file.DirectoryEntry",
      "pluginId": "cordova-plugin-file",
      "clobbers": [
        "window.DirectoryEntry"
      ]
    },
    {
      "file": "plugins/cordova-plugin-file/www/DirectoryReader.js",
      "id": "cordova-plugin-file.DirectoryReader",
      "pluginId": "cordova-plugin-file",
      "clobbers": [
        "window.DirectoryReader"
      ]
    },
    {
      "file": "plugins/cordova-plugin-file/www/Entry.js",
      "id": "cordova-plugin-file.Entry",
      "pluginId": "cordova-plugin-file",
      "clobbers": [
        "window.Entry"
      ]
    },
    {
      "file": "plugins/cordova-plugin-file/www/File.js",
      "id": "cordova-plugin-file.File",
      "pluginId": "cordova-plugin-file",
      "clobbers": [
        "window.File"
      ]
    },
    {
      "file": "plugins/cordova-plugin-file/www/FileEntry.js",
      "id": "cordova-plugin-file.FileEntry",
      "pluginId": "cordova-plugin-file",
      "clobbers": [
        "window.FileEntry"
      ]
    },
    {
      "file": "plugins/cordova-plugin-file/www/FileError.js",
      "id": "cordova-plugin-file.FileError",
      "pluginId": "cordova-plugin-file",
      "clobbers": [
        "window.FileError"
      ]
    },
    {
      "file": "plugins/cordova-plugin-file/www/FileReader.js",
      "id": "cordova-plugin-file.FileReader",
      "pluginId": "cordova-plugin-file",
      "clobbers": [
        "window.FileReader"
      ]
    },
    {
      "file": "plugins/cordova-plugin-file/www/FileSystem.js",
      "id": "cordova-plugin-file.FileSystem",
      "pluginId": "cordova-plugin-file",
      "clobbers": [
        "window.FileSystem"
      ]
    },
    {
      "file": "plugins/cordova-plugin-file/www/FileUploadOptions.js",
      "id": "cordova-plugin-file.FileUploadOptions",
      "pluginId": "cordova-plugin-file",
      "clobbers": [
        "window.FileUploadOptions"
      ]
    },
    {
      "file": "plugins/cordova-plugin-file/www/FileUploadResult.js",
      "id": "cordova-plugin-file.FileUploadResult",
      "pluginId": "cordova-plugin-file",
      "clobbers": [
        "window.FileUploadResult"
      ]
    },
    {
      "file": "plugins/cordova-plugin-file/www/FileWriter.js",
      "id": "cordova-plugin-file.FileWriter",
      "pluginId": "cordova-plugin-file",
      "clobbers": [
        "window.FileWriter"
      ]
    },
    {
      "file": "plugins/cordova-plugin-file/www/Flags.js",
      "id": "cordova-plugin-file.Flags",
      "pluginId": "cordova-plugin-file",
      "clobbers": [
        "window.Flags"
      ]
    },
    {
      "file": "plugins/cordova-plugin-file/www/LocalFileSystem.js",
      "id": "cordova-plugin-file.LocalFileSystem",
      "pluginId": "cordova-plugin-file",
      "clobbers": [
        "window.LocalFileSystem"
      ],
      "merges": [
        "window"
      ]
    },
    {
      "file": "plugins/cordova-plugin-file/www/Metadata.js",
      "id": "cordova-plugin-file.Metadata",
      "pluginId": "cordova-plugin-file",
      "clobbers": [
        "window.Metadata"
      ]
    },
    {
      "file": "plugins/cordova-plugin-file/www/ProgressEvent.js",
      "id": "cordova-plugin-file.ProgressEvent",
      "pluginId": "cordova-plugin-file",
      "clobbers": [
        "window.ProgressEvent"
      ]
    },
    {
      "file": "plugins/cordova-plugin-file/www/fileSystems.js",
      "id": "cordova-plugin-file.fileSystems",
      "pluginId": "cordova-plugin-file"
    },
    {
      "file": "plugins/cordova-plugin-file/www/requestFileSystem.js",
      "id": "cordova-plugin-file.requestFileSystem",
      "pluginId": "cordova-plugin-file",
      "clobbers": [
        "window.requestFileSystem"
      ]
    },
    {
      "file": "plugins/cordova-plugin-file/www/resolveLocalFileSystemURI.js",
      "id": "cordova-plugin-file.resolveLocalFileSystemURI",
      "pluginId": "cordova-plugin-file",
      "merges": [
        "window"
      ]
    },
    {
      "file": "plugins/cordova-plugin-file/www/browser/isChrome.js",
      "id": "cordova-plugin-file.isChrome",
      "pluginId": "cordova-plugin-file",
      "runs": true
    },
    {
      "file": "plugins/cordova-plugin-file/www/browser/Preparing.js",
      "id": "cordova-plugin-file.Preparing",
      "pluginId": "cordova-plugin-file",
      "runs": true
    },
    {
      "file": "plugins/cordova-plugin-file/src/browser/FileProxy.js",
      "id": "cordova-plugin-file.browserFileProxy",
      "pluginId": "cordova-plugin-file",
      "runs": true
    },
    {
      "file": "plugins/cordova-plugin-file/www/fileSystemPaths.js",
      "id": "cordova-plugin-file.fileSystemPaths",
      "pluginId": "cordova-plugin-file",
      "merges": [
        "cordova"
      ],
      "runs": true
    },
    {
      "file": "plugins/cordova-plugin-file/www/browser/FileSystem.js",
      "id": "cordova-plugin-file.firefoxFileSystem",
      "pluginId": "cordova-plugin-file",
      "merges": [
        "window.FileSystem"
      ]
    },
    {
      "file": "plugins/cordova-plugin-advanced-http/www/cookie-handler.js",
      "id": "cordova-plugin-advanced-http.cookie-handler",
      "pluginId": "cordova-plugin-advanced-http"
    },
    {
      "file": "plugins/cordova-plugin-advanced-http/www/dependency-validator.js",
      "id": "cordova-plugin-advanced-http.dependency-validator",
      "pluginId": "cordova-plugin-advanced-http"
    },
    {
      "file": "plugins/cordova-plugin-advanced-http/www/error-codes.js",
      "id": "cordova-plugin-advanced-http.error-codes",
      "pluginId": "cordova-plugin-advanced-http"
    },
    {
      "file": "plugins/cordova-plugin-advanced-http/www/global-configs.js",
      "id": "cordova-plugin-advanced-http.global-configs",
      "pluginId": "cordova-plugin-advanced-http"
    },
    {
      "file": "plugins/cordova-plugin-advanced-http/www/helpers.js",
      "id": "cordova-plugin-advanced-http.helpers",
      "pluginId": "cordova-plugin-advanced-http"
    },
    {
      "file": "plugins/cordova-plugin-advanced-http/www/js-util.js",
      "id": "cordova-plugin-advanced-http.js-util",
      "pluginId": "cordova-plugin-advanced-http"
    },
    {
      "file": "plugins/cordova-plugin-advanced-http/www/local-storage-store.js",
      "id": "cordova-plugin-advanced-http.local-storage-store",
      "pluginId": "cordova-plugin-advanced-http"
    },
    {
      "file": "plugins/cordova-plugin-advanced-http/www/lodash.js",
      "id": "cordova-plugin-advanced-http.lodash",
      "pluginId": "cordova-plugin-advanced-http"
    },
    {
      "file": "plugins/cordova-plugin-advanced-http/www/messages.js",
      "id": "cordova-plugin-advanced-http.messages",
      "pluginId": "cordova-plugin-advanced-http"
    },
    {
      "file": "plugins/cordova-plugin-advanced-http/www/ponyfills.js",
      "id": "cordova-plugin-advanced-http.ponyfills",
      "pluginId": "cordova-plugin-advanced-http"
    },
    {
      "file": "plugins/cordova-plugin-advanced-http/www/public-interface.js",
      "id": "cordova-plugin-advanced-http.public-interface",
      "pluginId": "cordova-plugin-advanced-http"
    },
    {
      "file": "plugins/cordova-plugin-advanced-http/www/umd-tough-cookie.js",
      "id": "cordova-plugin-advanced-http.tough-cookie",
      "pluginId": "cordova-plugin-advanced-http"
    },
    {
      "file": "plugins/cordova-plugin-advanced-http/www/url-util.js",
      "id": "cordova-plugin-advanced-http.url-util",
      "pluginId": "cordova-plugin-advanced-http"
    },
    {
      "file": "plugins/cordova-plugin-advanced-http/www/advanced-http.js",
      "id": "cordova-plugin-advanced-http.http",
      "pluginId": "cordova-plugin-advanced-http",
      "clobbers": [
        "cordova.plugin.http"
      ]
    },
    {
      "file": "plugins/cordova-plugin-advanced-http/src/browser/cordova-http-plugin.js",
      "id": "cordova-plugin-advanced-http.http-proxy",
      "pluginId": "cordova-plugin-advanced-http",
      "runs": true
    },
    {
      "file": "plugins/cordova-plugin-contacts/www/contacts.js",
      "id": "cordova-plugin-contacts.contacts",
      "pluginId": "cordova-plugin-contacts",
      "clobbers": [
        "navigator.contacts"
      ]
    },
    {
      "file": "plugins/cordova-plugin-contacts/www/Contact.js",
      "id": "cordova-plugin-contacts.Contact",
      "pluginId": "cordova-plugin-contacts",
      "clobbers": [
        "Contact"
      ]
    },
    {
      "file": "plugins/cordova-plugin-contacts/www/convertUtils.js",
      "id": "cordova-plugin-contacts.convertUtils",
      "pluginId": "cordova-plugin-contacts"
    },
    {
      "file": "plugins/cordova-plugin-contacts/www/ContactAddress.js",
      "id": "cordova-plugin-contacts.ContactAddress",
      "pluginId": "cordova-plugin-contacts",
      "clobbers": [
        "ContactAddress"
      ]
    },
    {
      "file": "plugins/cordova-plugin-contacts/www/ContactError.js",
      "id": "cordova-plugin-contacts.ContactError",
      "pluginId": "cordova-plugin-contacts",
      "clobbers": [
        "ContactError"
      ]
    },
    {
      "file": "plugins/cordova-plugin-contacts/www/ContactField.js",
      "id": "cordova-plugin-contacts.ContactField",
      "pluginId": "cordova-plugin-contacts",
      "clobbers": [
        "ContactField"
      ]
    },
    {
      "file": "plugins/cordova-plugin-contacts/www/ContactFindOptions.js",
      "id": "cordova-plugin-contacts.ContactFindOptions",
      "pluginId": "cordova-plugin-contacts",
      "clobbers": [
        "ContactFindOptions"
      ]
    },
    {
      "file": "plugins/cordova-plugin-contacts/www/ContactName.js",
      "id": "cordova-plugin-contacts.ContactName",
      "pluginId": "cordova-plugin-contacts",
      "clobbers": [
        "ContactName"
      ]
    },
    {
      "file": "plugins/cordova-plugin-contacts/www/ContactOrganization.js",
      "id": "cordova-plugin-contacts.ContactOrganization",
      "pluginId": "cordova-plugin-contacts",
      "clobbers": [
        "ContactOrganization"
      ]
    },
    {
      "file": "plugins/cordova-plugin-contacts/www/ContactFieldType.js",
      "id": "cordova-plugin-contacts.ContactFieldType",
      "pluginId": "cordova-plugin-contacts",
      "merges": [
        ""
      ]
    },
    {
      "file": "plugins/cordova-plugin-contacts/src/browser/ContactsProxy.js",
      "id": "cordova-plugin-contacts.ContactsProxy",
      "pluginId": "cordova-plugin-contacts",
      "merges": [
        "navigator.contacts"
      ]
    },
    {
      "file": "plugins/cordova-plugin-device/www/device.js",
      "id": "cordova-plugin-device.device",
      "pluginId": "cordova-plugin-device",
      "clobbers": [
        "device"
      ]
    },
    {
      "file": "plugins/cordova-plugin-device/src/browser/DeviceProxy.js",
      "id": "cordova-plugin-device.DeviceProxy",
      "pluginId": "cordova-plugin-device",
      "runs": true
    },
    {
      "file": "plugins/cordova-plugin-dialogs/www/notification.js",
      "id": "cordova-plugin-dialogs.notification",
      "pluginId": "cordova-plugin-dialogs",
      "merges": [
        "navigator.notification"
      ]
    },
    {
      "file": "plugins/cordova-plugin-dialogs/www/browser/notification.js",
      "id": "cordova-plugin-dialogs.notification_browser",
      "pluginId": "cordova-plugin-dialogs",
      "merges": [
        "navigator.notification"
      ]
    },
    {
      "file": "plugins/cordova-plugin-fcm-with-dependecy-updated/www/FCMPlugin.js",
      "id": "cordova-plugin-fcm-with-dependecy-updated.FCMPlugin",
      "pluginId": "cordova-plugin-fcm-with-dependecy-updated",
      "clobbers": [
        "FCMPlugin"
      ]
    },
    {
      "file": "plugins/cordova-plugin-firebase-analytics/www/FirebaseAnalytics.js",
      "id": "cordova-plugin-firebase-analytics.FirebaseAnalytics",
      "pluginId": "cordova-plugin-firebase-analytics",
      "merges": [
        "cordova.plugins.firebase.analytics"
      ]
    },
    {
      "file": "plugins/cordova-plugin-firebase-messaging/www/FirebaseMessaging.js",
      "id": "cordova-plugin-firebase-messaging.FirebaseMessaging",
      "pluginId": "cordova-plugin-firebase-messaging",
      "merges": [
        "cordova.plugins.firebase.messaging"
      ]
    },
    {
      "file": "plugins/cordova-plugin-globalization/www/GlobalizationError.js",
      "id": "cordova-plugin-globalization.GlobalizationError",
      "pluginId": "cordova-plugin-globalization",
      "clobbers": [
        "window.GlobalizationError"
      ]
    },
    {
      "file": "plugins/cordova-plugin-globalization/www/globalization.js",
      "id": "cordova-plugin-globalization.globalization",
      "pluginId": "cordova-plugin-globalization",
      "clobbers": [
        "navigator.globalization"
      ]
    },
    {
      "file": "plugins/cordova-plugin-globalization/www/browser/moment.js",
      "id": "cordova-plugin-globalization.moment",
      "pluginId": "cordova-plugin-globalization",
      "runs": true
    },
    {
      "file": "plugins/cordova-plugin-globalization/src/browser/GlobalizationProxy.js",
      "id": "cordova-plugin-globalization.GlobalizationProxy",
      "pluginId": "cordova-plugin-globalization",
      "runs": true
    }
  ],
  "plugin_metadata": {
    "call-number": "0.0.2",
    "cordova-plugin-actionsheet": "2.3.3",
    "cordova-plugin-file": "6.0.2",
    "cordova-plugin-advanced-http": "2.4.0",
    "cordova-plugin-androidx-adapter": "1.1.0",
    "cordova-plugin-contacts": "3.0.1",
    "cordova-plugin-device": "2.0.2",
    "cordova-plugin-dialogs": "2.0.2",
    "cordova-plugin-fcm-with-dependecy-updated": "4.2.0",
    "cordova-plugin-firebase-analytics": "4.0.1",
    "cordova-plugin-firebase-messaging": "4.0.2",
    "cordova-plugin-geolocation": "4.0.2",
    "cordova-plugin-globalization": "1.11.0"
  }
}
